{
  "total_return": -0.08572115633391897,
  "cagr": -0.08600249137579785,
  "ann_vol": 0.21766009631140204,
  "sharpe": -0.2905804742061419,
  "max_drawdown": -0.23564060604241954
}
