{
  "total_return": -0.08582189589680489,
  "cagr": -0.08610354576058943,
  "ann_vol": 0.2176637326255316,
  "sharpe": -0.2910625570465362,
  "max_drawdown": -0.23565318437278004
}
