total_return,cagr,ann_vol,sharpe,max_drawdown,transaction_cost_bps,run_id
-0.08572115633391897,-0.08600249137579785,0.21766009631140204,-0.2905804742061419,-0.23564060604241954,0,momentum_base_MCPTEST_20260129T193237Z
-0.08582189589680489,-0.08610354576058943,0.2176637326255316,-0.2910625570465362,-0.23565318437278004,1,momentum_base_MCPTEST_20260129T193238Z
